Date,"核武器"
2015-12-20,342
2015-12-21,348
2015-12-22,334
2015-12-23,352
2015-12-24,341
2015-12-25,256
2015-12-26,277
2015-12-27,297
2015-12-28,302
2015-12-29,301
2015-12-30,331
2015-12-31,292
2016-01-01,252
2016-01-02,321
2016-01-03,427
2016-01-04,318
2016-01-05,322
2016-01-06,3446
2016-01-07,2542
2016-01-08,1187
2016-01-09,761
2016-01-10,828
2016-01-11,532
2016-01-12,490
2016-01-13,436
2016-01-14,471
2016-01-15,420
2016-01-16,339
2016-01-17,290
2016-01-18,260
2016-01-19,315
2016-01-20,214
2016-01-21,257
2016-01-22,269
2016-01-23,222
2016-01-24,238
2016-01-25,219
2016-01-26,243
2016-01-27,272
2016-01-28,286
2016-01-29,183
2016-01-30,240
2016-01-31,196
2016-02-01,264
2016-02-02,263
2016-02-03,249
2016-02-04,237
2016-02-05,258
2016-02-06,212
2016-02-07,173
2016-02-08,186
2016-02-09,203
2016-02-10,249
2016-02-11,256
2016-02-12,280
2016-02-13,278
2016-02-14,280
2016-02-15,252
2016-02-16,287
2016-02-17,255
2016-02-18,227
2016-02-19,240
2016-02-20,218
2016-02-21,295
2016-02-22,264
2016-02-23,259
2016-02-24,262
2016-02-25,210
2016-02-26,218
2016-02-27,227
2016-02-28,215
2016-02-29,216
2016-03-01,234
2016-03-02,223
2016-03-03,264
2016-03-04,335
2016-03-05,377
2016-03-06,269
2016-03-07,330
2016-03-08,256
2016-03-09,360
2016-03-10,348
2016-03-11,267
2016-03-12,326
2016-03-13,297
2016-03-14,307
2016-03-15,321
2016-03-16,293
2016-03-17,229
