Date,"核兵器"
2015-12-20,359
2015-12-21,386
2015-12-22,334
2015-12-23,322
2015-12-24,340
2015-12-25,349
2015-12-26,340
2015-12-27,296
2015-12-28,292
2015-12-29,306
2015-12-30,303
2015-12-31,293
2016-01-01,294
2016-01-02,368
2016-01-03,399
2016-01-04,471
2016-01-05,485
2016-01-06,5567
2016-01-07,2654
2016-01-08,1226
2016-01-09,871
2016-01-10,971
2016-01-11,815
2016-01-12,653
2016-01-13,799
2016-01-14,807
2016-01-15,460
2016-01-16,414
2016-01-17,496
2016-01-18,403
2016-01-19,438
2016-01-20,610
2016-01-21,436
2016-01-22,395
2016-01-23,398
2016-01-24,480
2016-01-25,498
2016-01-26,513
2016-01-27,463
2016-01-28,461
2016-01-29,512
2016-01-30,463
2016-01-31,430
2016-02-01,845
2016-02-02,471
2016-02-03,439
2016-02-04,423
2016-02-05,450
2016-02-06,382
2016-02-07,739
2016-02-08,606
2016-02-09,533
2016-02-10,430
2016-02-11,404
2016-02-12,477
2016-02-13,458
2016-02-14,717
2016-02-15,485
2016-02-16,397
2016-02-17,426
2016-02-18,443
2016-02-19,476
2016-02-20,584
2016-02-21,429
2016-02-22,448
2016-02-23,439
2016-02-24,386
2016-02-25,432
2016-02-26,500
2016-02-27,468
2016-02-28,451
2016-02-29,624
2016-03-01,488
2016-03-02,399
2016-03-03,366
2016-03-04,433
2016-03-05,373
2016-03-06,335
2016-03-07,437
2016-03-08,418
2016-03-09,539
2016-03-10,478
2016-03-11,420
2016-03-12,395
2016-03-13,473
2016-03-14,383
2016-03-15,492
2016-03-16,336
2016-03-17,287
